RFC10;GAATTC;CTGCAG;ACTAGT;TCTAGA
RFC12;GAATTC;ACTAGT;GCTAGC;CTGCAG
RFC21;GAATTC;AGATCT;GGATCC;CTCGAG
RFC25;GAATTC;CTGCAG;ACTAGT;TCTAGA;GCCGGC;ACCGGT
AatII;GACGTC
Acc65I;GGTACC
AccI;GTAGAC;GTCTAC;GTATAC;GTCGAC
AclI;AACGTT
AfeI;AGCGCT
AflII;CTTAAG
AgeI;ACCGGT
ApaI;GGGCCC
ApaLI;GTGCAC
ApoI;AAATTC;GAATTT;AAATTT;GAATTC
AscI;GGCGCGCC
AseI;ATTAAT
AsiSI;GCGATCGC
AvrII;CCTAGG
BamHI;GGATCC
BclI;TGATCA
BglII;AGATCT
Bme1580I;GGGCAC;GTGCCC;GTGCCC;GGGCAC
BmtI;GCTAGC
BsaHI;GACGCC;GGCGTC;GACGTC;GGCGCC
BsiEI;CGACCG;CGGTCG;CGATCG;CGGCCG
BsiWI;CGTACG
BspEI;TCCGGA
BspHI;TCATGA
BsrGI;TGTACA
BssHII;GCGCGC
BstBI;TTCGAA
BstZ17I;GTATAC
BtgI;CCACGG;CCGTGG;CCATGG;CCGCGG
ClaI;ATCGAT
DraI;TTTAAA
EaeI;CGGCCA;TGGCCG;CGGCCG;TGGCCA
EagI;CGGCCG
EcoRI;GAATTC
EcoRV;GATATC
FseI;GGCCGGCC
FspI;TGCGCA
HaeII;TGCGCA;GGCGCT;AGCGCT;GGCGCC
HincII;AGCGCC;GGCGCT;AGCGCT;GGCGCC
HindIII;AAGCTT
HpaI;GTTAAC
KasI;GGCGCC
KpnI;GGTACC
MfeI;CAATTG
MluI;ACGCGT
MscI;TGGCCA
MspA1I;CAGCGG;CCGCTG;CAGCTG;CCGCGG
NaeI;GCCGGC
NarI;GGCGCC
NcoI;CCATGG
NdeI;CATATG
NgoMIV;GCCGGC
NheI;GCTAGC
NotI;GCGGCCGC
NruI;TCGCGA
NsiI;ATGCAT
NspI;ACATGC;GCATGT;ACATGT;GCATGC
PacI;TTAATTAA
PciI;ACATGT
PmeI;GTTTAAAC
PmlI;CACGTG
PsiI;TTATAA
PspOMI;GGGCCC
PstI;CTGCAG
PvuI;CGATCG
PvuII;CAGCTG
SacI;GAGCTC
SacII;CCGCGG
SalI;GTCGAC
SbfI;CCTGCAGG
ScaI;AGTACT
SfcI;CTACAG;CTGCAG;CTATAG;CTGTAG
SfoI;GGCGCC
SgrAI;CACCGGCG;CGCCGGTG;CACCGGTG;CGCCGGTCG
SmaI;CCCGGG
SmlI;CTCAAG;CTCGAG;CTTAAG;CTTGAG
SnaBI;TACGTA
SpeI;ACTAGT
SphI;GCATGC
SspI;AATATT
StuI;AGGCCT
SwaI;ATTTAAAT
XbaI;TCTAGA
XhoI;CTCGAG
XmaI;CCCGGG
